D20aa,D20aaFR015,stopgained
Aarskog-Scott_syndrome,Atrial_septal_defect_2,Spondylocostal_dysostosis_5
achondroplasia,Autosomal_dominant_nonsyndromic_deafness_22,Congenital_absence_of_salivary_gland
achondroplasia,autosomal_recessive_nonsyndromic_deafness,"Mental_retardation,_autosomal_dominant_27"
achondroplasia,autosomal_recessive_nonsyndromic_deafness,Focal_segmental_glomerulosclerosis_3
achondroplasia,Axenfeld-Rieger_syndrome_type_3,Metacarpal_4-5_fusion
achondroplasia,Basal_cell_carcinoma,Craniosynostosis_6
achondroplasia,Benign_hereditary_chorea,Alstrom_syndrome
Achromatopsia,Blepharophimosis,Alstrom_syndrome
Achromatopsia_3,breast-ovarian_cancer,"Amelogenesis_imperfecta,_type_1E"
Achromatopsia_3,Cardiovascular_phenotype,Androgen_resistance_syndrome
achromatopsia_7,Catecholaminergic_polymorphic_ventricular_tachycardia,Aortic_valve_disease_2
Allan-Herndon-Dudley_syndrome,Charcot-Marie-Tooth_disease_type_4,Axenfeld-Rieger_syndrome_type_3
Allan-Herndon-Dudley_syndrome,Charcot-Marie-Tooth_disease,Beckwith-Wiedemann_syndrome
Allan-Herndon-Dudley_syndrome,Colorectal_cancer,Beckwith-Wiedemann_syndrome
Alstrom_syndrome,Common_variable_immunodeficiency_10,Breast-ovarian_cancer
Alstrom_syndrome,complex_neurodevelopmental_disorder,Breast-ovarian_cancer
Alstrom_syndrome,complex_neurodevelopmental_disorder,Breast-ovarian_cancer
Alstrom_syndrome,Congenital_central_hypoventilation,Breast-ovarian_cancer
Alstrom_syndrome,Congenital_hydrocephalus_1,Breast-ovarian_cancer
Alveolar_capillary_dysplasia_with_pulmonary_venous_misalignment,Conotruncal_anomaly_face_syndrome/velocardiofacial_syndrome,Breast-ovarian_cancer
Alveolar_capillary_dysplasia_with_pulmonary_venous_misalignment,Developmental_and_epileptic_encephalopathy,Breast-ovarian_cancer
Alveolar_capillary_dysplasia_with_pulmonary_venous_misalignment,Distichiasis-lymphedema_syndrome,Breast-ovarian_cancer
Alveolar_capillary_dysplasia_with_pulmonary_venous_misalignment,early_infantile_epileptic_encephalopathy,Breast-ovarian_cancer
Amelogenesis_imperfecta,Early_infantile_epileptic_encephalopathy_9,Calcaneovalgus_deformity
Amelogenesis_imperfecta,Epilepsy,Cardiovascular_phenotype
Amelogenesis_imperfecta,Familial_hemophagocytic_lymphohistiocytosis_3,Higashi_syndrome
Amyotrophic_lateral_sclerosis_and/or_frontotemporal_dementia_1,Gorlin_syndrome,Higashi_syndrome
Androgen_resistance_syndrome,hereditary_breast_carcinoma,Charcot-Marie-Tooth_disease_type_2F
Androgen_resistance_syndrome,Nijmegen_breakage_syndrome,Charcot-Marie-Tooth_Neuropathy_X
Aniridia_1,hereditary_breast_carcinoma,Christianson_syndrome
Aniridia_1,Nijmegen_breakage_syndrome,"Ciliary_dyskinesia,_primary,_21"
Aniridia_1,hereditary_breast_carcinoma,Colorectal_Neoplasms
Aniridia_1,Nijmegen_breakage_syndrome,Common_variable_immunodeficiency_1
Anophthalmia/microphthalmia-esophageal_atresia_syndrome,hereditary_breast_carcinoma,Common_variable_immunodeficiency_2
Anophthalmia/microphthalmia-esophageal_atresia_syndrome,Nijmegen_breakage_syndrome,Cone-rod_dystrophy_amelogenesis_imperfecta
Anophthalmia/microphthalmia-esophageal_atresia_syndrome,hereditary_breast_carcinoma,Craniosynostosis_6
Anophthalmia/microphthalmia-esophageal_atresia_syndrome,Nijmegen_breakage_syndrome,Craniosynostosis_6
Anophthalmia/microphthalmia-esophageal_atresia_syndrome,Hereditary_cancer-predisposing_syndrome,Cystic_fibrosis
Aortic_valve_disease_2,Hereditary_cancer-predisposing_syndrome,Deafness_37
Aortic_valve_disease_2,Hereditary_cancer-predisposing_syndrome,"Deafness,_neurosensory_49"
ARID1B-related_BAFopathy,Hereditary_cancer-predisposing_syndrome,Desanto-shinawi_syndrome
ARID1B-related_BAFopathy,Hereditary_cancer-predisposing_syndrome,Desanto-shinawi_syndrome
ARID1B-related_BAFopathy,hereditary_nonpolyposis_colon_cancer,Diamond-Blackfan_anemia_3
ARID1B-related_BAFopathy,rhabdoid_tumor_predisposition_syndrome_2,Diamond-Blackfan_anemia_9
Arrhythmia,hereditary_pheochromocytoma-paraganglioma,Early_infantile_epileptic_encephalopathy_2
Arrhythmogenic_right_ventricular_dysplasia_8,hereditary_pheochromocytoma-paraganglioma,"Emery-Dreifuss_muscular_dystrophy_1,_X-linked"
Arrhythmogenic_right_ventricular_dysplasia_8,hereditary_pheochromocytoma-paraganglioma,"Epilepsy,_familial_focal,_with_variable_foci"
arthrogryposis_syndrome,hereditary_pheochromocytoma-paraganglioma,"Epilepsy,_familial_focal,_with_variable_foci"
Ataxia-oculomotor_apraxia_4,hereditary_pheochromocytoma-paraganglioma,"Epilepsy,_familial_focal,_with_variable_foci"
Atrial_fibrillation,hereditary_pheochromocytoma-paraganglioma,"Epileptic_encephalopathy,_early_infantile,_30"
Atrial_septal_defect,hereditary_pheochromocytoma-paraganglioma,Familial_hypercholesterolemia
Atrial_septal_defect_2,hereditary_pheochromocytoma-paraganglioma,Familial_hypercholesterolemia
Atrial_standstill_1,hereditary_pheochromocytoma-paraganglioma,Familial_hypertrophic_cardiomyopathy_2
Autosomal_dominant_nocturnal_frontal_lobe_epilepsy,hereditary_pheochromocytoma-paraganglioma,Fanconi_anemia
Autosomal_dominant_nonsyndromic_deafness_22,hereditary_pheochromocytoma-paraganglioma,Fanconi_anemia
autosomal_dominant_polycystic_kidney_disease,hereditary_pheochromocytoma-paraganglioma,"Fibrosis_of_extraocular_muscles,_congenital,_5"
Autosomal_dominant_retinitis_pigmentosa,hereditary_pheochromocytoma-paraganglioma,Finnish_congenital_nephrotic_syndrome
autosomal_recessive_nonsyndromic_deafness,hereditary_pheochromocytoma-paraganglioma,Floating-Harbor_syndrome
autosomal_recessive_nonsyndromic_deafness,hereditary_pheochromocytoma-paraganglioma,Focal_segmental_glomerulosclerosis_2
autosomal_recessive_nonsyndromic_deafness,hereditary_pheochromocytoma-paraganglioma,"Frontotemporal_Dementia,_Chromosome_3-Linked"
autosomal_recessive_nonsyndromic_deafness_68,hereditary_pheochromocytoma-paraganglioma,Glycogen_storage_disease_IXd
autosomal_recessive_nonsyndromic_deafness_9,hereditary_pheochromocytoma-paraganglioma,Glycogen_storage_disease_type_IXa1
Autosomal_recessive_polycystic_kidney_disease,hereditary_pheochromocytoma-paraganglioma,Hereditary_cancer-predisposing_syndrome
Axenfeld-Rieger_syndrome_type_3,hereditary_pheochromocytoma-paraganglioma,Hereditary_cancer-predisposing_syndrome
Bainbridge-Ropers_syndrome,hereditary_pheochromocytoma-paraganglioma,Hereditary_cancer-predisposing_syndrome
BAP1-related_tumor_predisposition_syndrome,hereditary_pheochromocytoma-paraganglioma,Hereditary_cancer-predisposing_syndrome
BAP1-related_tumor_predisposition_syndrome,hereditary_thrombocytopenia_with_normal_platelets-hematological_cancer_predisposition_syndrome,Hereditary_cancer-predisposing_syndrome
BAP1-related_tumor_predisposition_syndrome,hypertrophic_cardiomyopathy_17,Hereditary_cancer-predisposing_syndrome
BAP1-related_tumor_predisposition_syndrome,Idiopathic_generalized_epilepsy,Hereditary_cancer-predisposing_syndrome
Basal_cell_carcinoma,Inborn_genetic_diseases,Hereditary_cancer-predisposing_syndrome
Beck-Fahrner_syndrome,Inborn_genetic_diseases,Hereditary_cancer-predisposing_syndrome
Beckwith-Wiedemann_syndrome,Inborn_genetic_diseases,Hereditary_cancer-predisposing_syndrome
Benign_familial_neonatal_seizures_1,infantile_epilepsy_syndrome,Hereditary_diffuse_gastric_cancer
Benign_hereditary_chorea,infantile_epilepsy_syndrome,Hypohidrotic_ectodermal_dysplasia
Blepharophimosis,Insulin-dependent_diabetes_mellitus_secretory_diarrhea_syndrome,"Hypospadias_2,_X-linked"
Blepharophimosis,intellectual_disability-feeding_difficulties-developmental_delay-microcephaly_syndrome,IMMUNODEFICIENCY_50
Blepharophimosis,Knobloch_syndrome_1,Joubert_syndrome_7
Blepharophimosis,Knobloch_syndrome_1,Li-Fraumeni_syndrome
Bloom_syndrome,Leber_congenital_amaurosis_4,"Macrocephaly,_macrosomia,_facial_dysmorphism_syndrome"
Bloom_syndrome,Li-Fraumeni_syndrome,Marfan_syndrome
Bloom_syndrome,familial_ovarian_cancer,Marfan_syndrome
Bohring-Opitz_syndrome,Microcephaly,Marfan_syndrome
Bosley-Salih-Alorainy_syndrome,Microcephaly,Marfan_syndrome
branched-chain_keto_acid_dehydrogenase_kinase_deficiency,Microcephaly,Megalencephaly-polymicrogyria-polydactyly-hydrocephalus_syndrome_3
branchio-oto-renal_syndrome,Microcephaly,"Mental_retardation,_autosomal_dominant_12"
branchio-oto-renal_syndrome,Microcephaly,"Mental_retardation,_autosomal_dominant_12"
breast-ovarian_cancer,Microphthalmia,Merosin_deficient_congenital_muscular_dystrophy
breast-ovarian_cancer,Microphthalmia,"Microcephaly,_normal_intelligence_and_immunodeficiency"
breast-ovarian_cancer,Mucolipidosis_type_III_gamma,"Microcephaly,_normal_intelligence_and_immunodeficiency"
breast-ovarian_cancer,Mucopolysaccharidosis,"Microphthalmia,_isolated_3"
breast-ovarian_cancer,Multiple_endocrine_neoplasia,Mitchell-Riley_syndrome
breast-ovarian_cancer,Multiple_endocrine_neoplasia,"Multiple_endocrine_neoplasia,_type_1"
breast-ovarian_cancer,Multiple_endocrine_neoplasia,"Multiple_endocrine_neoplasia,_type_1"
Breast-ovarian_cancer,Multiple_endocrine_neoplasia,"Multiple_endocrine_neoplasia,_type_1"
Breast-ovarian_cancer,Multiple_endocrine_neoplasia,Myofibrillar_myopathy
Breast-ovarian_cancer,Multiple_endocrine_neoplasia,"Myoglobinuria,_acute_recurrent"
Breast-ovarian_cancer,Muscle_eye_brain_disease,"Nephrogenic_diabetes_insipidus,_X-linked"
Breast-ovarian_cancer,Myasthenia,Nephronophthisis_20
Breast-ovarian_cancer,Myelodysplasia,Nonsyndromic_hearing_loss_and_deafness
Breast-ovarian_cancer,Myopathy,Odontoonychodermal_dysplasia
Brugada_syndrome,Nephrogenic_diabetes_insipidus,Pallister-Hall_syndrome
Brugada_syndrome,Nephrotic_syndrome_type_15,Parkinson_disease_15
Brugada_syndrome,Neuropathy,"Pituitary_hormone_deficiency,_combined_2"
Brugada_syndrome_1,nevoid_basal_cell_carcinoma_syndrome,Primary_autosomal_recessive_microcephaly_10
Brugada_syndrome_1,nevoid_basal_cell_carcinoma_syndrome,Primary_autosomal_recessive_microcephaly_6
Brugada_syndrome_8,nevoid_basal_cell_carcinoma_syndrome,Primary_autosomal_recessive_microcephaly_7
Candidiasis,nonsyndromic_genetic_deafness,Pseudohypoaldosteronism_type_1_autosomal_recessive
cardiofaciocutaneous_syndrome,Noonan_syndrome,Radial_aplasia-thrombocytopenia_syndrome
cardiofaciocutaneous_syndrome,Odonto-onycho-dermal_dysplasia,Retinitis_pigmentosa_4
Cardiovascular_phenotype,Oocyte_maturation_defect_8,Spastic_paraplegia_55
Cardiovascular_phenotype,Osteogenesis_imperfecta_type_8,Spastic_paraplegia_55
Cardiovascular_phenotype,Osteogenesis_imperfecta,Spinocerebellar_ataxia_21
Cataract_33,Polyglandular_autoimmune_syndrome,Stromme_syndrome
Catecholaminergic_polymorphic_ventricular_tachycardia,Polymerase_proofreading-related_adenomatous_polyposis,Supravalvar_aortic_stenosis
CDKL5_disorder,Renpenning_syndrome,Thoracic_aortic_aneurysm_and_aortic_dissection
CDKL5_disorder,Renpenning_syndrome,Thyrotoxic_periodic_paralysis
CDKL5_disorder,Renpenning_syndrome,Thyrotoxic_periodic_paralysis
CEBALID_syndrome,Renpenning_syndrome_1,"Ventricular_tachycardia,_catecholaminergic_polymorphic,_5,_with_or_without_muscle_weakness"
Charcot-Marie-Tooth_disease,Retinal_dystrophy,"Warts,_hypogammaglobulinemia,_infections,_and_myelokathexis"
Charcot-Marie-Tooth_disease,PRPH2-Related_Disorders,Zunich_neuroectodermal_syndrome
Charcot-Marie-Tooth_disease,Retinitis_pigmentosa,Hemochromatosis_type_3
Charcot-Marie-Tooth_disease,Retinitis_pigmentosa_4,Inborn_genetic_diseases
Charcot-Marie-Tooth_disease,Retinitis_pigmentosa,Multiple_congenital_anomalies
Charcot-Marie-Tooth_disease,Retinal_dystrophy,Pontocerebellar_hypoplasia_type_1
Charcot-Marie-Tooth_disease,Macular_dystrophy,Hereditary_cancer-predisposing_syndrome
Charcot-Marie-Tooth_disease,Knobloch_syndrome_1,"Microcephaly,_normal_intelligence_and_immunodeficiency"
Charcot-Marie-Tooth_disease,Glaucoma,"Albinism,_oculocutaneous,_type_VII"
Charcot-Marie-Tooth_disease,sessile_serrated_polyposis_cancer_syndrome,
Charcot-Marie-Tooth_disease_axonal_type_2F,SSPCS,
Charcot-Marie-Tooth_disease_type_4,Spastic_paraplegia_31,
Charcot-Marie-Tooth_disease_type_4,Spastic_paraplegia_31,
Ciliary_dyskinesia,Spinocerebellar_ataxia,
Ciliary_dyskinesia,Thrombocythemia_1,
Cleft_palate_with_or_without_ankyloglossia,Tooth_agenesis,
ClinVar_Disease_Names,Van_den_Ende-Gupta_syndrome,
Coffin-Siris_syndrome_1,Vitelliform_macular_dystrophy_type_2,
Coffin-Siris_syndrome_1,Waardenburg_syndrome,
Coffin-Siris_syndrome_1,Waardenburg_syndrome_type_1,
Coffin-Siris_syndrome_1,Waardenburg_syndrome_type_4B,
Colorectal_cancer,Waardenburg_syndrome_type_4B,
Colorectal_cancer,Werner_syndrome,
Colorectal_cancer,Werner_syndrome,
Colorectal_cancer,,
Colorectal_cancer,,
combined_oxidative_phosphorylation_defect_type_17,,
combined_oxidative_phosphorylation_defect_type_17,,
Combined_oxidative_phosphorylation_deficiency_27,,
Common_variable_immunodeficiency_10,,
Common_variable_immunodeficiency_10,,
Common_variable_immunodeficiency_2,,
complex_neurodevelopmental_disorder,,
complex_neurodevelopmental_disorder,,
complex_neurodevelopmental_disorder,,
complex_neurodevelopmental_disorder,,
complex_neurodevelopmental_disorder,,
complex_neurodevelopmental_disorder,,
complex_neurodevelopmental_disorder,,
complex_neurodevelopmental_disorder,,
complex_neurodevelopmental_disorder,,
complex_neurodevelopmental_disorder,,
complex_neurodevelopmental_disorder,,
Cone-rod_dystrophy_2,,
Cone-rod_dystrophy_2,,
Cone-rod_dystrophy_2,,
Cone-rod_dystrophy_2,,
Cone-rod_dystrophy_2,,
Cone-rod_dystrophy_2,,
Cone-rod_dystrophy_2,,
Congenital_bilateral_aplasia_of_vas_deferens_from_CFTR_mutation,,
Congenital_central_hypoventilation,,
Congenital_central_hypoventilation,,
Congenital_diaphragmatic_hernia,,
Congenital_hydrocephalus_1,,
Congenital_long_QT_syndrome,,
Congenital_myasthenic_syndrome,,
Congenital_myasthenic_syndrome_4C,,
Congenital_myotonia,,
Congenital_myotonia,,
Congenital_stationary_night_blindness,,
Conotruncal_anomaly_face_syndrome/velocardiofacial_syndrome,,
Cortical_dysplasia,,
Costello_syndrome,,
Costello_syndrome,,
Curry-Hall_syndrome,,
Cutis_laxa,,
Deafness,,
Developmental_and_epileptic_encephalopathy,,
Diamond-Blackfan_anemia,,
Dilated_Cardiomyopathy,,
Dilated_cardiomyopathy_1DD,,
Dilated_cardiomyopathy_with_woolly_hair_and_keratoderma,,
Dilated_cardiomyopathy_with_woolly_hair_and_keratoderma,,
Distichiasis-lymphedema_syndrome,,
dyskeratosis_congenita,,
Dyskeratosis_congenita,,
Dyskeratosis_congenita,,
Dyskeratosis_congenita,,
dysmorphy,,
early_infantile_epileptic_encephalopathy,,
early_infantile_epileptic_encephalopathy,,
early_infantile_epileptic_encephalopathy,,
Early_infantile_epileptic_encephalopathy_11,,
Early_infantile_epileptic_encephalopathy_12,,
Early_infantile_epileptic_encephalopathy_2,,
Early_infantile_epileptic_encephalopathy_9,,
Early_infantile_epileptic_encephalopathy_with_suppression_bursts,,
Early_infantile_epileptic_encephalopathy_with_suppression_bursts,,
Ellis-van_Creveld_syndrome,,
Ellis-van_Creveld_syndrome,,
Ellis-van_Creveld_syndrome,,
Emery-Dreifuss_muscular_dystrophy_1,,
Emery-Dreifuss_muscular_dystrophy_1,,
Emery-Dreifuss_muscular_dystrophy_1,,
Emery-Dreifuss_muscular_dystrophy_1,,
Emery-Dreifuss_muscular_dystrophy_1,,
Emery-Dreifuss_muscular_dystrophy_1,,
Emery-Dreifuss_muscular_dystrophy_1,,
Emery-Dreifuss_muscular_dystrophy_1,,
EPIDERMODYSPLASIA_VERRUCIFORMIS,,
epilepsy,,
Epilepsy,,
Epilepsy,,
Epilepsy,,
Epilepsy,,
Epilepsy,,
Epileptic_encephalopathy,,
Episodic_ataxia_type_2,,
erythrokeratodermia_variabilis,,
Familial_cancer_of_breast,,
Familial_cancer_of_breast,,
Familial_cancer_of_breast,,
Familial_cancer_of_breast,,
Familial_cancer_of_breast,,
Familial_cancer_of_breast,,
Familial_febrile_seizures_8,,
familial_focal_epilepsy_with_variable_foci,,
familial_focal_epilepsy_with_variable_foci,,
familial_focal_epilepsy_with_variable_foci,,
Familial_hemophagocytic_lymphohistiocytosis_3,,
Familial_hypercholesterolemia,,
Familial_hypercholesterolemia_1,,
Familial_hypercholesterolemia_1,,
familial_ovarian_cancer,,
familial_ovarian_cancer,,
familial_ovarian_cancer,,
familial_ovarian_cancer,,
familial_ovarian_cancer,,
familial_ovarian_cancer,,
familial_ovarian_cancer,,
familial_ovarian_cancer,,
familial_ovarian_cancer,,
familial_ovarian_cancer,,
familial_ovarian_cancer,,
familial_ovarian_cancer,,
familial_ovarian_cancer,,
familial_ovarian_cancer,,
familial_ovarian_cancer,,
familial_ovarian_cancer,,
familial_ovarian_cancer,,
familial_ovarian_cancer,,
familial_ovarian_cancer,,
familial_ovarian_cancer,,
familial_ovarian_cancer,,
familial_ovarian_cancer,,
familial_ovarian_cancer,,
familial_ovarian_cancer,,
familial_ovarian_cancer,,
familial_ovarian_cancer,,
familial_ovarian_cancer,,
familial_ovarian_cancer,,
familial_ovarian_cancer,,
familial_ovarian_cancer,,
familial_ovarian_cancer,,
familial_ovarian_cancer,,
familial_ovarian_cancer,,
familial_ovarian_cancer,,
familial_ovarian_cancer,,
familial_ovarian_cancer,,
familial_ovarian_cancer,,
familial_ovarian_cancer,,
familial_ovarian_cancer,,
familial_ovarian_cancer,,
familial_ovarian_cancer,,
familial_ovarian_cancer,,
familial_ovarian_cancer,,
familial_ovarian_cancer,,
familial_ovarian_cancer,,
familial_ovarian_cancer,,
familial_ovarian_cancer,,
familial_ovarian_cancer,,
familial_ovarian_cancer,,
familial_ovarian_cancer,,
familial_ovarian_cancer,,
familial_ovarian_cancer,,
familial_ovarian_cancer,,
familial_ovarian_cancer,,
familial_ovarian_cancer,,
familial_ovarian_cancer,,
familial_ovarian_cancer,,
familial_ovarian_cancer,,
familial_ovarian_cancer,,
familial_ovarian_cancer,,
familial_ovarian_cancer,,
familial_ovarian_cancer,,
familial_ovarian_cancer,,
familial_ovarian_cancer,,
familial_ovarian_cancer,,
familial_ovarian_cancer,,
familial_ovarian_cancer,,
familial_ovarian_cancer,,
familial_ovarian_cancer,,
familial_ovarian_cancer,,
familial_ovarian_cancer,,
familial_ovarian_cancer,,
familial_ovarian_cancer,,
familial_ovarian_cancer,,
familial_ovarian_cancer,,
familial_ovarian_cancer,,
familial_ovarian_cancer,,
familial_ovarian_cancer,,
familial_ovarian_cancer,,
familial_ovarian_cancer,,
familial_ovarian_cancer,,
familial_ovarian_cancer,,
familial_ovarian_cancer,,
familial_ovarian_cancer,,
familial_ovarian_cancer,,
familial_ovarian_cancer,,
familial_ovarian_cancer,,
familial_ovarian_cancer,,
familial_ovarian_cancer,,
familial_ovarian_cancer,,
familial_ovarian_cancer,,
familial_ovarian_cancer,,
familial_ovarian_cancer,,
Familial_partial_lipodystrophy_6,,
familial_thoracic_aortic_aneurysm_and_aortic_dissection,,
familial_thoracic_aortic_aneurysm_and_aortic_dissection,,
familial_thoracic_aortic_aneurysm_and_aortic_dissection,,
familial_thoracic_aortic_aneurysm_and_aortic_dissection,,
familial_thoracic_aortic_aneurysm_and_aortic_dissection,,
familial_thoracic_aortic_aneurysm_and_aortic_dissection,,
familial_thoracic_aortic_aneurysm_and_aortic_dissection,,
familial_thoracic_aortic_aneurysm_and_aortic_dissection,,
familial_thoracic_aortic_aneurysm_and_aortic_dissection,,
familial_thoracic_aortic_aneurysm_and_aortic_dissection,,
familial_thoracic_aortic_aneurysm_and_aortic_dissection,,
Familial_thoracic_aortic_aneurysm_and_aortic_dissection,,
Familial_thoracic_aortic_aneurysm_and_aortic_dissection,,
Fanconi_anemia,,
Fanconi_anemia,,
Fanconi_anemia_complementation_group_D1,,
Fanconi_anemia_complementation_group_j,,
Fanconi_anemia_complementation_group_O,,
Finnish_congenital_nephrotic_syndrome,,
Finnish_congenital_nephrotic_syndrome,,
Finnish_congenital_nephrotic_syndrome,,
Finnish_congenital_nephrotic_syndrome,,
Focal_segmental_glomerulosclerosis_5,,
FOXG1_disorder,,
Frontonasal_dysplasia_1,,
Gastrointestinal_stromal_tumor,,
generalised_epilepsy,,
generalised_epilepsy,,
Glanzmann_thrombasthenia,,
Glanzmann_thrombasthenia,,
Glanzmann_thrombasthenia,,
Glanzmann_thrombasthenia,,
Glanzmann_thrombasthenia,,
Glanzmann_thrombasthenia,,
Glanzmann_thrombasthenia,,
Glanzmann_thrombasthenia,,
Glanzmann_thrombasthenia,,
Glanzmann_thrombasthenia,,
Glanzmann_thrombasthenia,,
Glanzmann_thrombasthenia,,
Glanzmann's_thrombasthenia,,
Glanzmann's_thrombasthenia,,
Glanzmann's_thrombasthenia,,
Glanzmann's_thrombasthenia,,
Glanzmann's_thrombasthenia,,
Glanzmann's_thrombasthenia,,
Glanzmann's_thrombasthenia,,
Glanzmann's_thrombasthenia,,
Glanzmann's_thrombasthenia,,
Glanzmann's_thrombasthenia,,
Glanzmann's_thrombasthenia,,
Glanzmann's_thrombasthenia,,
Glaucoma,,
GLI3-Related_Disorders,,
GLUT1_deficiency_syndrome,,
GLUT1_deficiency_syndrome,,
Glycogen_storage_disease_0,,
GM1_gangliosidosis_type_2,,
GM1_gangliosidosis_type_3,,
Gorlin_syndrome,,
Gorlin_syndrome,,
Gorlin_syndrome,,
Greig_cephalopolysyndactyly_syndrome,,
Greig_cephalopolysyndactyly_syndrome,,
Greig_cephalopolysyndactyly_syndrome,,
Greig_cephalopolysyndactyly_syndrome,,
Greig_cephalopolysyndactyly_syndrome,,
Haddad_syndrome,,
Hamartoma_of_hypothalamus,,
HELIX_syndrome,,
Hereditary_breast_and_ovarian_cancer_syndrome,,
hereditary_breast_carcinoma,,
hereditary_breast_carcinoma,,
hereditary_breast_carcinoma,,
hereditary_breast_carcinoma,,
hereditary_breast_carcinoma,,
hereditary_breast_carcinoma,,
hereditary_breast_carcinoma,,
hereditary_breast_carcinoma,,
hereditary_breast_carcinoma,,
hereditary_breast_carcinoma,,
hereditary_breast_carcinoma,,
hereditary_breast_carcinoma,,
hereditary_breast_carcinoma,,
hereditary_breast_carcinoma,,
hereditary_breast_carcinoma,,
hereditary_breast_carcinoma,,
hereditary_breast_carcinoma,,
hereditary_breast_carcinoma,,
hereditary_breast_carcinoma,,
hereditary_breast_carcinoma,,
hereditary_breast_carcinoma,,
hereditary_breast_carcinoma,,
hereditary_breast_carcinoma,,
hereditary_breast_carcinoma,,
hereditary_breast_carcinoma,,
hereditary_breast_carcinoma,,
hereditary_breast_carcinoma,,
hereditary_breast_carcinoma,,
hereditary_breast_carcinoma,,
hereditary_breast_carcinoma,,
hereditary_breast_carcinoma,,
hereditary_breast_carcinoma,,
hereditary_breast_carcinoma,,
hereditary_breast_carcinoma,,
hereditary_breast_carcinoma,,
hereditary_breast_carcinoma,,
hereditary_breast_carcinoma,,
hereditary_breast_carcinoma,,
hereditary_breast_carcinoma,,
hereditary_breast_carcinoma,,
hereditary_breast_carcinoma,,
hereditary_breast_carcinoma,,
hereditary_breast_carcinoma,,
hereditary_breast_carcinoma,,
hereditary_breast_carcinoma,,
hereditary_breast_carcinoma,,
Hereditary_cancer-predisposing_syndrome,,
Hereditary_cancer-predisposing_syndrome,,
Hereditary_cancer-predisposing_syndrome,,
Hereditary_cancer-predisposing_syndrome,,
Hereditary_cancer-predisposing_syndrome,,
Hereditary_cancer-predisposing_syndrome,,
Hereditary_cancer-predisposing_syndrome,,
Hereditary_cancer-predisposing_syndrome,,
Hereditary_cancer-predisposing_syndrome,,
Hereditary_cancer-predisposing_syndrome,,
Hereditary_cancer-predisposing_syndrome,,
Hereditary_cancer-predisposing_syndrome,,
Hereditary_cancer-predisposing_syndrome,,
Hereditary_cancer-predisposing_syndrome,,
Hereditary_cancer-predisposing_syndrome,,
Hereditary_cancer-predisposing_syndrome,,
Hereditary_cancer-predisposing_syndrome,,
Hereditary_cancer-predisposing_syndrome,,
Hereditary_cancer-predisposing_syndrome,,
Hereditary_cancer-predisposing_syndrome,,
Hereditary_cancer-predisposing_syndrome,,
Hereditary_cancer-predisposing_syndrome,,
Hereditary_cancer-predisposing_syndrome,,
Hereditary_cancer-predisposing_syndrome,,
Hereditary_cancer-predisposing_syndrome,,
Hereditary_cancer-predisposing_syndrome,,
Hereditary_cancer-predisposing_syndrome,,
Hereditary_cancer-predisposing_syndrome,,
Hereditary_cancer-predisposing_syndrome,,
Hereditary_cancer-predisposing_syndrome,,
hereditary_diffuse_gastric_adenocarcinoma,,
hereditary_diffuse_gastric_adenocarcinoma,,
hereditary_diffuse_gastric_adenocarcinoma,,
hereditary_diffuse_gastric_adenocarcinoma,,
hereditary_diffuse_gastric_adenocarcinoma,,
hereditary_diffuse_gastric_adenocarcinoma,,
hereditary_diffuse_gastric_adenocarcinoma,,
hereditary_diffuse_gastric_adenocarcinoma,,
Hereditary_diffuse_gastric_cancer,,
Hereditary_diffuse_gastric_cancer,,
Hereditary_diffuse_gastric_cancer,,
Hereditary_melanoma,,
hereditary_nonpolyposis_colon_cancer,,
hereditary_nonpolyposis_colon_cancer,,
hereditary_nonpolyposis_colon_cancer,,
hereditary_nonpolyposis_colon_cancer,,
hereditary_nonpolyposis_colon_cancer,,
hereditary_nonpolyposis_colon_cancer,,
hereditary_nonpolyposis_colon_cancer,,
hereditary_nonpolyposis_colon_cancer,,
hereditary_nonpolyposis_colon_cancer,,
hereditary_nonpolyposis_colon_cancer,,
hereditary_nonpolyposis_colon_cancer,,
hereditary_nonpolyposis_colon_cancer,,
hereditary_nonpolyposis_colon_cancer,,
hereditary_nonpolyposis_colon_cancer,,
hereditary_nonpolyposis_colon_cancer,,
hereditary_nonpolyposis_colon_cancer,,
Hereditary_Paraganglioma-Pheochromocytoma_Syndromes,,
hereditary_pheochromocytoma-paraganglioma,,
hereditary_pheochromocytoma-paraganglioma,,
hereditary_pheochromocytoma-paraganglioma,,
hereditary_pheochromocytoma-paraganglioma,,
hereditary_pheochromocytoma-paraganglioma,,
hereditary_pheochromocytoma-paraganglioma,,
hereditary_pheochromocytoma-paraganglioma,,
hereditary_pheochromocytoma-paraganglioma,,
hereditary_pheochromocytoma-paraganglioma,,
hereditary_pheochromocytoma-paraganglioma,,
hereditary_pheochromocytoma-paraganglioma,,
hereditary_pheochromocytoma-paraganglioma,,
hereditary_pheochromocytoma-paraganglioma,,
hereditary_pheochromocytoma-paraganglioma,,
hereditary_pheochromocytoma-paraganglioma,,
hereditary_pheochromocytoma-paraganglioma,,
hereditary_pheochromocytoma-paraganglioma,,
hereditary_pheochromocytoma-paraganglioma,,
hereditary_pheochromocytoma-paraganglioma,,
hereditary_pheochromocytoma-paraganglioma,,
hereditary_pheochromocytoma-paraganglioma,,
hereditary_pheochromocytoma-paraganglioma,,
hereditary_pheochromocytoma-paraganglioma,,
hereditary_pheochromocytoma-paraganglioma,,
hereditary_pheochromocytoma-paraganglioma,,
hereditary_pheochromocytoma-paraganglioma,,
hereditary_pheochromocytoma-paraganglioma,,
hereditary_pheochromocytoma-paraganglioma,,
hereditary_pheochromocytoma-paraganglioma,,
hereditary_pheochromocytoma-paraganglioma,,
hereditary_pheochromocytoma-paraganglioma,,
hereditary_pheochromocytoma-paraganglioma,,
hereditary_pheochromocytoma-paraganglioma,,
hereditary_pheochromocytoma-paraganglioma,,
hereditary_pheochromocytoma-paraganglioma,,
hereditary_pheochromocytoma-paraganglioma,,
hereditary_pheochromocytoma-paraganglioma,,
hereditary_pheochromocytoma-paraganglioma,,
hereditary_pheochromocytoma-paraganglioma,,
hereditary_pheochromocytoma-paraganglioma,,
hereditary_pheochromocytoma-paraganglioma,,
hereditary_pheochromocytoma-paraganglioma,,
Hereditary_spastic_paraplegia_15,,
Hereditary_spastic_paraplegia_39,,
hereditary_thrombocytopenia_with_normal_platelets-hematological_cancer_predisposition_syndrome,,
hereditary_thrombocytopenia_with_normal_platelets-hematological_cancer_predisposition_syndrome,,
Hermansky-Pudlak_syndrome,,
Hermansky-Pudlak_syndrome,,
Hermansky-Pudlak_syndrome_1,,
Hermansky-Pudlak_syndrome_1,,
Hermansky-Pudlak_syndrome_1,,
Hermansky-Pudlak_syndrome_1,,
Hermansky-Pudlak_syndrome_1,,
Hermansky-Pudlak_syndrome_5,,
Hermansky-Pudlak_syndrome_7,,
Herpes_simplex_encephalitis,,
heterogeneous_nuclear_ribonucleoprotein_G,,
Holoprosencephaly_3,,
Holt-Oram_syndrome,,
Holt-Oram_syndrome,,
Holt-Oram_syndrome,,
Hurler_syndrome,,
Hurler_syndrome,,
Hurler_syndrome,,
Hyaline_fibromatosis_syndrome,,
Hyperlipoproteinemia,,
hyperprolinemia_type_2,,
hypertrophic_cardiomyopathy,,
hypertrophic_cardiomyopathy,,
hypertrophic_cardiomyopathy,,
hypertrophic_cardiomyopathy,,
hypertrophic_cardiomyopathy,,
hypertrophic_cardiomyopathy,,
hypertrophic_cardiomyopathy,,
hypertrophic_cardiomyopathy,,
hypertrophic_cardiomyopathy,,
hypertrophic_cardiomyopathy,,
hypertrophic_cardiomyopathy,,
hypertrophic_cardiomyopathy,,
hypertrophic_cardiomyopathy_17,,
Hypoparathyroidism,,
Hypoparathyroidism,,
hypoparathyroidism-deafness-renal_disease_syndrome,,
hypoparathyroidism-deafness-renal_disease_syndrome,,
hypoparathyroidism-deafness-renal_disease_syndrome,,
hypoparathyroidism-deafness-renal_disease_syndrome,,
hypoparathyroidism-deafness-renal_disease_syndrome,,
hypoparathyroidism-deafness-renal_disease_syndrome,,
hypoparathyroidism-deafness-renal_disease_syndrome,,
hypoparathyroidism-deafness-renal_disease_syndrome,,
hypoparathyroidism-deafness-renal_disease_syndrome,,
hypoparathyroidism-deafness-renal_disease_syndrome,,
hypoparathyroidism-deafness-renal_disease_syndrome,,
hypoparathyroidism-deafness-renal_disease_syndrome,,
hypoparathyroidism-deafness-renal_disease_syndrome,,
hypoparathyroidism-deafness-renal_disease_syndrome,,
hypoparathyroidism-deafness-renal_disease_syndrome,,
hypoparathyroidism-deafness-renal_disease_syndrome,,
hypoparathyroidism-deafness-renal_disease_syndrome,,
hypoparathyroidism-deafness-renal_disease_syndrome,,
hypoparathyroidism-deafness-renal_disease_syndrome,,
hypoparathyroidism-deafness-renal_disease_syndrome,,
hypoparathyroidism-deafness-renal_disease_syndrome,,
hypoparathyroidism-deafness-renal_disease_syndrome,,
hypoparathyroidism-deafness-renal_disease_syndrome,,
hypoparathyroidism-deafness-renal_disease_syndrome,,
hypoparathyroidism-deafness-renal_disease_syndrome,,
hypoparathyroidism-deafness-renal_disease_syndrome,,
hypoparathyroidism-deafness-renal_disease_syndrome,,
hypoparathyroidism-deafness-renal_disease_syndrome,,
hypoparathyroidism-deafness-renal_disease_syndrome,,
hypoparathyroidism-deafness-renal_disease_syndrome,,
hypoparathyroidism-deafness-renal_disease_syndrome,,
hypoparathyroidism-deafness-renal_disease_syndrome,,
hypoparathyroidism-deafness-renal_disease_syndrome,,
hypoparathyroidism-deafness-renal_disease_syndrome,,
hypoparathyroidism-deafness-renal_disease_syndrome,,
hypoparathyroidism-deafness-renal_disease_syndrome,,
hypoparathyroidism-deafness-renal_disease_syndrome,,
hypoparathyroidism-deafness-renal_disease_syndrome,,
hypoparathyroidism-deafness-renal_disease_syndrome,,
hypoparathyroidism-deafness-renal_disease_syndrome,,
hypoparathyroidism-deafness-renal_disease_syndrome,,
hypoparathyroidism-deafness-renal_disease_syndrome,,
hypoparathyroidism-deafness-renal_disease_syndrome,,
hypoparathyroidism-deafness-renal_disease_syndrome,,
hypoparathyroidism-deafness-renal_disease_syndrome,,
hypoparathyroidism-deafness-renal_disease_syndrome,,
hypoparathyroidism-deafness-renal_disease_syndrome,,
hypoparathyroidism-deafness-renal_disease_syndrome,,
hypoparathyroidism-deafness-renal_disease_syndrome,,
hypoparathyroidism-deafness-renal_disease_syndrome,,
hypoparathyroidism-deafness-renal_disease_syndrome,,
hypoparathyroidism-deafness-renal_disease_syndrome,,
hypoparathyroidism-deafness-renal_disease_syndrome,,
Hypoplastic_left_heart_syndrome,,
Hypoplastic_right_heart_syndrome,,
Idiopathic_generalized_epilepsy,,
Inborn_genetic_diseases,,
Inborn_genetic_diseases,,
Inborn_genetic_diseases,,
Inborn_genetic_diseases,,
Inborn_genetic_diseases,,
Inborn_genetic_diseases,,
Inborn_genetic_diseases,,
Inborn_genetic_diseases,,
Inborn_genetic_diseases,,
Inborn_genetic_diseases,,
Inborn_genetic_diseases,,
Inborn_genetic_diseases,,
Inborn_genetic_diseases,,
Inborn_genetic_diseases,,
Inborn_genetic_diseases,,
Inborn_genetic_diseases,,
Inborn_genetic_diseases,,
infantile_epilepsy_syndrome,,
infantile_epilepsy_syndrome,,
infantile_epilepsy_syndrome,,
Infantile_GM1_gangliosidosis,,
Insulin-dependent_diabetes_mellitus_secretory_diarrhea_syndrome,,
intellectual_deficiency,,
Intellectual_disability,,
Intellectual_disability,,
Intellectual_disability_and_seizures,,
intellectual_disability-feeding_difficulties-developmental_delay-microcephaly_syndrome,,
IRF2BPL-related_condition,,
Irido-corneo-trabecular_dysgenesis,,
Jervell_and_Lange-Nielsen_syndrome,,
Jervell_and_Lange-Nielsen_syndrome,,
Jervell_and_Lange-Nielsen_syndrome,,
Jervell_and_Lange-Nielsen_syndrome,,
Joubert_syndrome_23,,
Knobloch_syndrome_1,,
Knobloch_syndrome_1,,
Knobloch_syndrome_1,,
Laminin_alpha_2-related_dystrophy,,
Laminin_alpha_2-related_dystrophy,,
Leber_congenital_amaurosis,,
Leber_congenital_amaurosis_3,,
Leber_congenital_amaurosis_4,,
Leber_congenital_amaurosis_7,,
Leber_congenital_amaurosis_7,,
Leber_congenital_amaurosis_7,,
Leber_congenital_amaurosis_7,,
Leber_congenital_amaurosis_7,,
Leber_congenital_amaurosis_7,,
Leber_congenital_amaurosis_7,,
Leber_congenital_amaurosis_7,,
Leber_congenital_amaurosis_7,,
Leber_congenital_amaurosis_7,,
Leber_congenital_amaurosis_7,,
Leber_congenital_amaurosis_8,,
Leigh_syndrome,,
Leukodystrophy,,
Leukodystrophy,,
Li-Fraumeni_syndrome,,
Li-Fraumeni_syndrome,,
Li-Fraumeni_syndrome,,
Li-Fraumeni_syndrome,,
Li-Fraumeni_syndrome,,
Li-Fraumeni_syndrome,,
Li-Fraumeni_syndrome,,
Li-Fraumeni_syndrome,,
Li-Fraumeni_syndrome,,
Li-Fraumeni_syndrome,,
Li-Fraumeni_syndrome,,
Li-Fraumeni_syndrome,,
Li-Fraumeni_syndrome,,
Li-Fraumeni_syndrome,,
Li-Fraumeni_syndrome,,
Li-Fraumeni_syndrome,,
Li-Fraumeni_syndrome,,
Li-Fraumeni_syndrome,,
Li-Fraumeni_syndrome,,
Li-Fraumeni_syndrome,,
Li-Fraumeni_syndrome,,
Li-Fraumeni_syndrome,,
Li-Fraumeni_syndrome,,
Li-Fraumeni_syndrome,,
Li-Fraumeni_syndrome,,
Li-Fraumeni_syndrome,,
Li-Fraumeni_syndrome,,
Li-Fraumeni_syndrome,,
Li-Fraumeni_syndrome,,
Li-Fraumeni_syndrome,,
Li-Fraumeni_syndrome,,
Li-Fraumeni_syndrome,,
Li-Fraumeni_syndrome,,
Li-Fraumeni_syndrome,,
Li-Fraumeni_syndrome,,
Li-Fraumeni_syndrome,,
Li-Fraumeni_syndrome,,
Li-Fraumeni_syndrome,,
Li-Fraumeni_syndrome,,
Li-Fraumeni_syndrome,,
Li-Fraumeni_syndrome,,
Li-Fraumeni_syndrome,,
Li-Fraumeni_syndrome,,
Li-Fraumeni_syndrome,,
Li-Fraumeni_syndrome,,
Li-Fraumeni_syndrome,,
Li-Fraumeni_syndrome,,
Li-Fraumeni_syndrome,,
Li-Fraumeni_syndrome,,
Li-Fraumeni_syndrome,,
Li-Fraumeni_syndrome,,
Li-Fraumeni_syndrome,,
Li-Fraumeni_syndrome,,
Li-Fraumeni_syndrome,,
Li-Fraumeni_syndrome,,
Li-Fraumeni_syndrome,,
Li-Fraumeni_syndrome,,
Li-Fraumeni_syndrome,,
Li-Fraumeni_syndrome,,
Li-Fraumeni_syndrome,,
Li-Fraumeni_syndrome,,
Li-Fraumeni_syndrome,,
Loeys-Dietz_syndrome_4,,
Loeys-Dietz_syndrome_4,,
Long_QT_syndrome,,
Long_QT_syndrome,,
Long_QT_syndrome,,
Long_QT_syndrome_1,,
long_QT_syndrome_11,,
long_QT_syndrome_11,,
long_QT_syndrome_11,,
Macular_dystrophy,,
Malar_flattening,,
Malignant_tumor_of_prostate,,
Marfan_syndrome,,
Marfan_syndrome,,
Marfan_syndrome,,
Marfan_syndrome,,
Marfan_syndrome,,
Marfan_syndrome,,
Marfan_syndrome,,
Marfan_syndrome,,
Marfan_syndrome,,
Marfan_syndrome,,
Marshall-Smith_syndrome,,
Marshall-Smith_syndrome,,
Marshall-Smith_syndrome,,
Maturity-onset_diabetes_of_the_young,,
medulloblastoma,,
medulloblastoma,,
Medulloblastoma,,
Medulloblastoma,,
melanoma-pancreatic_cancer_syndrome,,
melanoma-pancreatic_cancer_syndrome,,
melanoma-pancreatic_cancer_syndrome,,
melanoma-pancreatic_cancer_syndrome,,
Mental_retardation,,
Mental_retardation,,
Mental_retardation,,
Microcephaly,,
Microcephaly,,
Microcephaly,,
Microcephaly,,
Microcephaly,,
Microcephaly,,
Microcephaly,,
Microcephaly,,
Microcephaly,,
Microcephaly,,
Microcephaly,,
Microcephaly,,
Microcephaly,,
Micrognathia,,
Microphthalmia,,
Microphthalmia,,
Midface_retrusion,,
MN1_C-terminal_truncation_(MCTT)_syndrome,,
MN1_C-terminal_truncation_(MCTT)_syndrome,,
monogenic_diabetes,,
monogenic_diabetes,,
monogenic_diabetes,,
Mowat-Wilson_syndrome,,
Mowat-Wilson_syndrome,,
Mucolipidosis_type_III_gamma,,
Mucopolysaccharidosis,,
Mucopolysaccharidosis,,
Mucopolysaccharidosis_type_1,,
Mucopolysaccharidosis_type_1,,
Multiple_endocrine_neoplasia,,
Multiple_endocrine_neoplasia,,
Multiple_endocrine_neoplasia,,
Multiple_endocrine_neoplasia,,
Multiple_endocrine_neoplasia,,
Multiple_endocrine_neoplasia,,
Multiple_endocrine_neoplasia,,
Multiple_endocrine_neoplasia,,
Multiple_endocrine_neoplasia,,
Multiple_endocrine_neoplasia,,
Multiple_endocrine_neoplasia,,
Multiple_endocrine_neoplasia,,
Multiple_endocrine_neoplasia,,
Multiple_joint_dislocations,,
Muscle_eye_brain_disease,,
Muscle_eye_brain_disease,,
MUTYH-related_attenuated_familial_adenomatous_polyposis,,
MUTYH-related_attenuated_familial_adenomatous_polyposis,,
MUTYH-related_attenuated_familial_adenomatous_polyposis,,
MUTYH-related_attenuated_familial_adenomatous_polyposis,,
MUTYH-related_attenuated_familial_adenomatous_polyposis,,
MUTYH-related_attenuated_familial_adenomatous_polyposis,,
MUTYH-related_attenuated_familial_adenomatous_polyposis,,
MUTYH-related_attenuated_familial_adenomatous_polyposis,,
MUTYH-related_attenuated_familial_adenomatous_polyposis,,
MUTYH-related_attenuated_familial_adenomatous_polyposis,,
MUTYH-related_attenuated_familial_adenomatous_polyposis,,
MUTYH-related_attenuated_familial_adenomatous_polyposis,,
Myasthenia,,
Myasthenic_syndrome,,
Myasthenic_syndrome,,
Myasthenic_syndrome,,
Myasthenic_syndrome,,
Myelodysplasia,,
MYH-associated_polyposis,,
MYH-associated_polyposis,,
MYH-associated_polyposis,,
MYH-associated_polyposis,,
Myoclonus,,
Myoclonus,,
Myopathy,,
Myopathy,,
Myopathy_with_postural_muscle_atrophy,,
Nager_syndrome,,
Nager_syndrome,,
Nager_syndrome,,
Nager_syndrome,,
Nager_syndrome,,
Nager_syndrome,,
Nager_syndrome,,
Nail-patella_syndrome,,
Nail-patella_syndrome,,
Nail-patella_syndrome,,
Nanophthalmos_1,,
NDUFAF2-Related_Disorders,,
Neoplasm_of_ovary,,
Neoplasm_of_ovary,,
Neoplasm_of_ovary,,
Neoplasm_of_ovary,,
Neoplasm_of_ovary,,
Neoplasm_of_ovary,,
Nephrogenic_diabetes_insipidus,,
Nephronophthisis,,
Nephronophthisis,,
Nephronophthisis_18,,
Nephrotic_syndrome_type_15,,
Neuroblastoma_3,,
Neuronal_ceroid_lipofuscinosis,,
Neuronal_ceroid_lipofuscinosis_8,,
Neuropathy,,
nevoid_basal_cell_carcinoma_syndrome,,
nevoid_basal_cell_carcinoma_syndrome,,
nevoid_basal_cell_carcinoma_syndrome,,
nevoid_basal_cell_carcinoma_syndrome,,
nevoid_basal_cell_carcinoma_syndrome,,
nevoid_basal_cell_carcinoma_syndrome,,
nevoid_basal_cell_carcinoma_syndrome,,
Nijmegen_breakage_syndrome,,
Nijmegen_breakage_syndrome,,
Nijmegen_breakage_syndrome,,
Nijmegen_breakage_syndrome,,
Nijmegen_breakage_syndrome,,
Nijmegen_breakage_syndrome,,
Nijmegen_breakage_syndrome,,
Nijmegen_breakage_syndrome,,
Nijmegen_breakage_syndrome,,
Nijmegen_breakage_syndrome,,
Nijmegen_breakage_syndrome,,
Nijmegen_breakage_syndrome,,
Nijmegen_breakage_syndrome,,
non-syndromic_X-linked_intellectual_disability,,
non-syndromic_X-linked_intellectual_disability,,
non-syndromic_X-linked_intellectual_disability,,
nonsyndromic_genetic_deafness,,
nonsyndromic_genetic_deafness,,
nonsyndromic_genetic_deafness,,
nonsyndromic_genetic_deafness,,
nonsyndromic_genetic_deafness,,
nonsyndromic_genetic_deafness,,
nonsyndromic_genetic_deafness,,
nonsyndromic_genetic_deafness,,
nonsyndromic_genetic_deafness,,
nonsyndromic_genetic_deafness,,
nonsyndromic_genetic_deafness,,
nonsyndromic_genetic_deafness,,
nonsyndromic_genetic_deafness,,
Noonan_syndrome,,
Noonan_syndrome,,
Noonan_syndrome,,
Noonan_syndrome_with_multiple_lentigines,,
Noonan_syndrome_with_multiple_lentigines,,
Noonan_syndrome-like_disorder_with_loose_anagen_hair,,
Noonan_syndrome-like_disorder_with_loose_anagen_hair,,
Odonto-onycho-dermal_dysplasia,,
Odonto-onycho-dermal_dysplasia,,
Odonto-onycho-dermal_dysplasia,,
Odonto-onycho-dermal_dysplasia,,
Odonto-onycho-dermal_dysplasia,,
Odonto-onycho-dermal_dysplasia,,
Odonto-onycho-dermal_dysplasia,,
Oocyte_maturation_defect_8,,
Orofacial_cleft_15,,
Orofacial_cleft_6,,
Osteogenesis_imperfecta,,
Osteogenesis_imperfecta_type_8,,
Paget_disease_of_bone_2,,
Pallister-Hall_syndrome,,
Pallister-Hall_syndrome,,
Pallister-Hall_syndrome,,
Pena-Shokeir_syndrome_type_I,,
Perlman_syndrome,,
Pitt-Hopkins_syndrome,,
Pitt-Hopkins_syndrome,,
Pitt-Hopkins_syndrome,,
Pitt-Hopkins_syndrome,,
Pitt-Hopkins_syndrome,,
Pitt-Hopkins_syndrome,,
Pitt-Hopkins_syndrome,,
Pituitary_hormone_deficiency,,
Pituitary_hormone_deficiency,,
Polycystic_kidney_disease_2,,
Polyglandular_autoimmune_syndrome,,
Polyglandular_autoimmune_syndrome,,
Polyglandular_autoimmune_syndrome,,
Polymerase_proofreading-related_adenomatous_polyposis,,
Polymerase_proofreading-related_adenomatous_polyposis,,
Polymerase_proofreading-related_adenomatous_polyposis,,
Polymerase_proofreading-related_adenomatous_polyposis,,
Polymerase_proofreading-related_adenomatous_polyposis,,
Polymerase_proofreading-related_adenomatous_polyposis,,
Polymerase_proofreading-related_adenomatous_polyposis,,
Polymerase_proofreading-related_adenomatous_polyposis,,
Polymerase_proofreading-related_adenomatous_polyposis,,
Polymerase_proofreading-related_adenomatous_polyposis,,
polysyndactyly,,
Pontocerebellar_hypoplasia,,
Pontocerebellar_hypoplasia,,
Pontocerebellar_hypoplasia_type_1A,,
Pontoneocerebellar_hypoplasia,,
Popliteal_pterygium_syndrome,,
Postaxial_polydactyly,,
Premature_ovarian_failure_9,,
Premature_ovarian_failure_9,,
Primary_autosomal_recessive_microcephaly_2,,
Primary_ciliary_dyskinesia,,
Primary_ciliary_dyskinesia,,
Primary_dilated_cardiomyopathy,,
PRPH2-Related_Disorders,,
PRPH2-Related_Disorders,,
PTEN_hamartoma_tumor_syndrome,,
PTEN_hamartoma_tumor_syndrome,,
PTEN_hamartoma_tumor_syndrome,,
PTEN_hamartoma_tumor_syndrome,,
PTEN_hamartoma_tumor_syndrome,,
PTEN_hamartoma_tumor_syndrome,,
PTEN_hamartoma_tumor_syndrome,,
Pulmonary_fibrosis_and/or_bone_marrow_failure,,
pyridoxine-dependent_epilepsy,,
Rapadilino_syndrome,,
Rare_genetic_deafness,,
Renal_coloboma_syndrome,,
Renpenning_syndrome,,
Renpenning_syndrome,,
Renpenning_syndrome,,
Renpenning_syndrome,,
Renpenning_syndrome,,
Renpenning_syndrome,,
Renpenning_syndrome_1,,
Renpenning_syndrome_1,,
Reticular_dysgenesis,,
Retinal_dystrophy,,
Retinal_dystrophy,,
Retinal_dystrophy,,
Retinal_dystrophy,,
Retinal_dystrophy,,
Retinitis_pigmentosa,,
Retinitis_pigmentosa,,
Retinitis_pigmentosa,,
Retinitis_pigmentosa,,
Retinitis_pigmentosa,,
Retinitis_pigmentosa_4,,
rhabdoid_tumor_predisposition_syndrome_1,,
rhabdoid_tumor_predisposition_syndrome_1,,
rhabdoid_tumor_predisposition_syndrome_1,,
rhabdoid_tumor_predisposition_syndrome_2,,
Rhabdomyosarcoma_(disease),,
Rigidity_and_multifocal_seizure_syndrome,,
Rigidity_and_multifocal_seizure_syndrome,,
Rigidity_and_multifocal_seizure_syndrome,,
Rothmund-Thomson_syndrome,,
Rubinstein-Taybi_syndrome_2,,
RYR1-Related_Disorders,,
Saldino-Mainzer_syndrome,,
See_cases,,
Seizures,,
sellar_metastasis_from_primary_bronchial_carcinoid_tumor,,
sessile_serrated_polyposis_cancer_syndrome,,
sessile_serrated_polyposis_cancer_syndrome,,
sessile_serrated_polyposis_cancer_syndrome,,
sessile_serrated_polyposis_cancer_syndrome,,
sessile_serrated_polyposis_cancer_syndrome,,
Severe_combined_immunodeficiency_due_to_DCLRE1C_deficiency,,
Short-rib_thoracic_dysplasia_14_with_polydactyly,,
Sotos_syndrome,,
Sotos_syndrome,,
Sotos_syndrome,,
Sotos_syndrome_1,,
Sotos_syndrome_1,,
Spastic_paraplegia,,
Spastic_paraplegia,,
Spastic_paraplegia_28,,
Spastic_paraplegia_31,,
Spastic_paraplegia_31,,
Spastic_paraplegia_44,,
Spermatogenic_failure_28,,
Spinal_muscular_atrophy,,
Spinocerebellar_ataxia,,
Spondylocostal_dysostosis_5,,
Spondylometaphyseal_dysplasia-cone-rod_dystrophy_syndrome,,
SSPCS,achondroplasia,
SSPCS,Alveolar_capillary_dysplasia_with_pulmonary_venous_misalignment,
SSPCS,Amyotrophic_lateral_sclerosis_and/or_frontotemporal_dementia_1,
SSPCS,Paget_disease_of_bone_2,
SSPCS,ARID1B-related_BAFopathy,
Stenosis_of_the_external_auditory_canal,,
Supravalvar_aortic_stenosis,,
Syndromic_microphthalmia_type_5,,
Syndromic_microphthalmia_type_5,,
Syndromic_microphthalmia_type_5,,
Syndromic_microphthalmia_type_5,,
TET3_deficiency,,
Thrombocythemia_1,,
Tooth_agenesis,,
Tooth_agenesis,,
Tooth_agenesis,,
Tooth_agenesis,,
Tooth_agenesis,,
TP63-Related_Spectrum_Disorders,,
TP63-Related_Spectrum_Disorders,,
tuberous_sclerosis,,
tuberous_sclerosis,,
tuberous_sclerosis,,
tuberous_sclerosis,,
tuberous_sclerosis,,
tuberous_sclerosis,,
tuberous_sclerosis,,
tuberous_sclerosis,,
tuberous_sclerosis_1,,
tuberous_sclerosis_1,,
tuberous_sclerosis_1,,
tuberous_sclerosis_1,,
tuberous_sclerosis_1,,
tuberous_sclerosis_1,,
tuberous_sclerosis_1,,
tuberous_sclerosis_1,,
Tuberous_sclerosis_1,,
Tuberous_sclerosis_2,,
Tuberous_sclerosis_2,,
Tuberous_sclerosis_2,,
Tuberous_sclerosis_2,,
Tuberous_sclerosis_syndrome,,
Tuberous_sclerosis_syndrome,,
Tuberous_sclerosis_syndrome,,
Tuberous_sclerosis_syndrome,,
Tubulinopathies,,
undetermined_early-onset_epileptic_encephalopathy,,
undetermined_early-onset_epileptic_encephalopathy,,
undetermined_early-onset_epileptic_encephalopathy,,
undetermined_early-onset_epileptic_encephalopathy,,
undetermined_early-onset_epileptic_encephalopathy,,
undetermined_early-onset_epileptic_encephalopathy,,
Usher_syndrome_type_1,,
Usher_syndrome_type_1F,,
Usher_syndrome_type_2C,,
Van_den_Ende-Gupta_syndrome,,
van_der_Woude_syndrome_1,,
Vas_deferens,,
Vitelliform_macular_dystrophy_type_2,,
Waardenburg_syndrome,,
Waardenburg_syndrome_type_1,,
Waardenburg_syndrome_type_2E,,
Waardenburg_syndrome_type_4B,,
Waardenburg_syndrome_type_4B,,
Waardenburg_syndrome_type_4C,,
Warburg_micro_syndrome_1,,
Warts,,
Werner_syndrome,,
Werner_syndrome,,
Wolff-Parkinson-White_pattern,,
X-linked_Opitz_G/BBB_syndrome,,
ZTTK_syndrome,,